Equipment,Specific Equipment
Frying Pan,Large Frying Pan
Frying Pan,Medium Frying Pan
Frying Pan,Small Frying Pan
Food Processor,Blender
Food Processor,Grater
Food Processor,Cutter
Pan,Large Pan
Pan,Medium Pan
Pan,Small Pan
Oven,Grill
Oven,Bake
Oven,Cook
Microwave,Cook
Microwave,Melt
Hob,Large Hob
Hob,Medium Hob
Hob,Small Hob
Scissors,Scissors
Knife,Bread Knife
Knife,Large Knife
Knife,Medium Knife
Knife,Small Knife
Knife,Butter Knife
Knife,Vegetable Knife
Spoon,Wooden Spoon
Spoon,Teaspoon
Spoon,Tablespoon
Bowl,Large Bowl
Bowl,Medium Bowl
Bowl,Small Bowl
Bowl,Large Glass Bowl
Bowl,Medium Glass Bowl
Bowl,Small Glass Bowl
